speaker_lower,vader_entropy_mean,bert_entropy_mean,betweenness_mean,Character_Name,num_films
aberforth dumbledore,1.0688206728265008,0.8675632284814613,0.0,Aberforth Dumbledore,1
mrs. cole,1.0549201679861442,1.0549201679861442,0.0,Mrs. Cole,1
moaning myrtle,1.0523894911319993,0.8751844249203813,0.0,Moaning Myrtle,2
aragog,1.0397207708399179,0.5623351446188083,0.0,Aragog,1
gang thug,1.0114042647073518,1.0114042647073518,0.0,Gang thug,1
guard,1.0114042647073518,1.0114042647073518,0.0,Guard,1
helena ravenclaw,1.0114042647073518,1.0986122886681096,0.0,Helena Ravenclaw,1
marge dursley,1.0114042647073518,0.6365141682948128,0.0,Marge Dursley,1
firenze,0.9502705392332347,0.9502705392332347,0.0,Firenze,1
all,0.6931471805599453,0.6931471805599453,0.0,All,1
colin creevey,0.6931471805599453,0.0,0.0,Colin Creevey,1
magorian,0.6931471805599453,0.6931471805599453,0.0,Magorian,1
merpeople,0.6931471805599453,0.3182570841474064,0.0,Merpeople,2
mr. granger,0.6931471805599453,0.0,0.0,Mr. Granger,1
old man,0.6931471805599453,0.6931471805599453,0.0,Old man,1
snake,0.6931471805599453,0.0,0.0,Snake,1
witch,0.6931471805599453,0.6931471805599453,0.0,Witch,1
lavender brown,0.6837389058487535,1.0608569471580214,0.0,Lavender Brown,1
diary,0.6365141682948128,0.6365141682948128,0.0,Diary,1
kreacher,0.6730116670092565,0.7650277188013808,0.00013220518244315177,Kreacher,2
petunia dursley,0.9015430352830341,0.8826945701235358,0.0001417233560090703,Petunia Dursley,3
bane,0.6365141682948128,0.0,0.00019830777366472766,Bane,1
angelina johnson,0.9556998911125343,0.7963116401738131,0.00028203772254539045,Angelina Johnson,1
muriel,0.7963116401738131,1.0789922078775833,0.0003419199847771276,Muriel,1
ginny weasley,0.759977296029331,0.5454985242963281,0.0003495078207958033,Ginny Weasley,3
ghost,0.6931471805599453,0.6931471805599453,0.00035254715318173806,Ghost,1
the fat lady,0.6365141682948128,0.0,0.00041235567551357026,The Fat Lady,1
gellert grindelwald,0.6365141682948128,0.6365141682948128,0.00042517006802721087,Gellert Grindelwald,1
stanley shunpike,0.9596147939120492,0.8675632284814613,0.0004723346828609986,Stanley Shunpike,1
sorting hat,0.6597111364976422,0.8203783206744446,0.0005314625850340135,Sorting Hat,2
leanne,1.0986122886681096,0.6365141682948128,0.0006816026552868658,Leanne,1
nymphadora tonks,1.0767662283271269,0.7933923537640237,0.0007705073494547179,Nymphadora Tonks,2
tom,0.6931471805599453,0.6931471805599453,0.0007794784580498864,Tom,1
bill weasley,1.0397207708399179,0.8664339756999315,0.0008717060056345769,Bill Weasley,2
sirius black,0.9730826267150157,0.9789758255886054,0.0008755864019021914,Sirius Black,2
cornelius fudge,1.033162216346748,0.7933923537640237,0.000934445697823,Cornelius Fudge,2
argus filch,0.8867504454599437,0.6077543731979985,0.0009415312421264801,Argus Filch,3
ghosts,0.6931471805599453,0.6931471805599453,0.0009442640692640692,Ghosts,2
fleur delacour,0.6742695098049012,0.46209812037329684,0.0009505772005772005,Fleur Delacour,3
class,0.6931471805599453,0.0,0.0009767101284958426,Class,1
corban yaxley,0.6931471805599453,0.0,0.000992063492063492,Corban Yaxley,1
arabella figg,0.9502705392332347,0.6730116670092565,0.0010576414595452142,Arabella Figg,1
oliver wood,1.0821955300387673,1.0821955300387673,0.001080640589569161,Oliver Wood,1
waitress,0.6365141682948128,0.0,0.001138211382113821,Waitress,1
xenophilius lovegood,0.8945510979978214,1.0768186672148103,0.0011529839208410636,Xenophilius Lovegood,1
james potter,0.6517565611726531,0.8982053397041498,0.0013859509959457076,James Potter,1
rosmerta,0.8018185525433373,0.6108643020548935,0.0014807317438896384,Rosmerta,1
serpent of slitherin,0.6730116670092565,0.6730116670092565,0.0016326530612244899,Serpent of Slitherin,1
lee jordan,0.6931471805599453,0.0,0.001691245262673834,Lee Jordan,1
pansy parkinson,0.6931471805599453,0.6931471805599453,0.0018610715979137033,Pansy Parkinson,1
filius flitwick,1.0397207708399179,0.5623351446188083,0.0019203413940256048,Filius Flitwick,1
sybill trelawney,0.8583072953309485,0.7924536507270517,0.002444813957971853,Sybill Trelawney,2
garrick ollivander,0.8150177440494806,0.7496117260789121,0.0025891568748711603,Garrick Ollivander,2
cho chang,0.6490387032263975,0.5198603854199589,0.002608034841888749,Cho Chang,2
zacharias smith,0.6931471805599453,0.6931471805599453,0.0026454009002924925,Zacharias Smith,1
poppy pomfrey,1.0114042647073518,1.0114042647073518,0.002738128085066861,Poppy Pomfrey,1
elphias doge,0.8599672810355049,0.9949236325717752,0.002824615860330146,Elphias Doge,1
tom riddle,1.0265512139295812,1.0374973406910222,0.0028330962541488858,Tom Riddle,2
other,1.0397207708399179,1.0397207708399179,0.0029614634877792776,Other,1
lily potter,0.8633411737186206,0.5460206718382314,0.003605122798785853,Lily Potter,2
barty crouch jr.,1.0549201679861442,0.6730116670092565,0.00391260162601626,Barty Crouch Jr.,1
fenrir greyback,0.6931471805599453,0.6931471805599453,0.004048127074442864,Fenrir Greyback,1
seamus finnigan,0.7951519257632557,1.0445946628984935,0.004526690075383236,Seamus Finnigan,3
mary cattermole,0.6365141682948128,0.6365141682948128,0.005037878787878787,Mary Cattermole,1
igor karkaroff,0.9701157839869381,1.0437570363314086,0.005117397846056381,Igor Karkaroff,1
fred weasley,0.8689091460336361,0.9370465876403408,0.005146180089134164,Fred Weasley,6
griphook,0.9245784307265922,0.5701583073009308,0.005584406381600259,Griphook,3
dobby,0.8826337394465845,0.736873011911633,0.006133621197396706,Dobby,3
lucius malfoy,0.9250487676988833,0.8585471373485258,0.006494121445482417,Lucius Malfoy,4
remus lupin,1.0114042647073518,1.0986122886681096,0.00674356858567385,Remus Lupin,1
rufus scrimgeour,1.0042424730540764,1.0346012329101812,0.006850649350649351,Rufus Scrimgeour,1
draco malfoy,0.752329927530217,0.6707348202443999,0.0069872292057873596,Draco Malfoy,3
molly weasley,0.7070879820853632,0.6981096669898553,0.0072144821942658754,Molly Weasley,5
bellatrix lestrange,0.9989649034834562,1.0018924924054093,0.007902365751874507,Bellatrix Lestrange,2
arthur weasley,0.8894031845536213,0.9692543347369721,0.008345031512220609,Arthur Weasley,5
severus snape,0.9710236760812174,0.9117808052498221,0.008403382653369228,Severus Snape,5
peter pettigrew,0.7612801960578063,0.7640539642554143,0.008495598719901855,Peter Pettigrew,3
rita skeeter,1.0114042647073518,1.0397207708399179,0.008760162601626018,Rita Skeeter,1
albus dumbledore,0.9658232456473711,0.9318378645979926,0.008798827070510742,Albus Dumbledore,2
luna lovegood,0.822598735148636,1.0498259188733314,0.008980131624689447,Luna Lovegood,3
kingsley shacklebolt,0.9949956550365763,0.5313687840784981,0.009217054649035083,Kingsley Shacklebolt,2
vernon dursley,0.8518851349770408,0.8507587314409398,0.010105361192095888,Vernon Dursley,4
barty crouch sr.,0.8653649791626999,0.8981370031878679,0.010416248724175552,Barty Crouch Sr.,1
narcissa malfoy,0.8337309667146473,0.6773552093589637,0.010820578231292515,Narcissa Malfoy,2
bogrod,1.0888999753452238,0.8018185525433373,0.0109906462585034,Bogrod,1
voldemort,0.9940026917837819,0.9390591450936592,0.01277091569926049,Voldemort,2
george weasley,0.8799102861426221,0.9137637310864051,0.012915353392412324,George Weasley,6
percy weasley,0.6547629176520346,0.6547629176520346,0.013970172684458399,Percy Weasley,2
rubeus hagrid,1.0102574788892011,0.9462975194093649,0.01458826553469144,Rubeus Hagrid,6
dean thomas,0.6931471805599453,0.6931471805599453,0.014651495518842456,Dean Thomas,1
everard,0.6931471805599453,0.6931471805599453,0.016129032258064516,Everard,1
station guard,0.7963116401738131,0.7963116401738131,0.01621361095045305,Station guard,1
minerva mcgonagall,0.9874741891780623,0.8507492421163074,0.016790668765656568,Minerva McGonagall,4
trolley witch,0.6365141682948128,0.6365141682948128,0.01810064935064935,Trolley witch,1
susan bones,1.0821955300387673,0.5623351446188083,0.01995920525798897,Susan Bones,1
vincent crabbe,0.6365141682948128,1.0986122886681096,0.02,Vincent Crabbe,1
nearly headless nick,0.9502705392332347,0.9502705392332347,0.021045918367346938,Nearly Headless Nick,1
dudley dursley,0.8739004142690672,0.605797499372304,0.021853741496598637,Dudley Dursley,1
neville longbottom,1.0928305535284886,1.0579054247036734,0.024390243902439025,Neville Longbottom,1
man,1.0397207708399179,0.5623351446188083,0.02509144530828204,Man,1
quirinus quirrell,0.9560443809671457,0.9718487712358765,0.026200093132491085,Quirinus Quirrell,1
students,0.9649629230074277,0.5297061990576545,0.02719162470182879,Students,1
alastor moody,0.639031859650177,0.9376369622724492,0.030551644724040282,Alastor Moody,1
